{
  "model": {
    "weights": [
      -16.71226150656044,
      14.571021575222387,
      1.1769881633843902,
      -0.44424706525564917,
      -0.5997267308891913,
      1.3997879862529399,
      0.5509357468742588,
      -0.152649810955566,
      -0.02280259700840169,
      0.4758497967201503,
      0.8337001228882044,
      -0.056574623469884525,
      4.279259223578069,
      2.5825644433391095,
      -0.9542305153504842,
      -1.4577089013479303,
      -0.012739788901317346,
      0.038909950702321804,
      0.658911419016564,
      1.3390002167116326,
      -0.42529558370355064,
      2.234119711001445,
      1.3987763463275737,
      1.0922400032313404,
      0.5312565898323971,
      -0.040053187563518215,
      -1.042800757286742,
      -0.2538390599365024
    ],
    "accept_tree": {
      "leaf": false,
      "feature_idx": 13,
      "threshold": 0.3851301612198128,
      "left": {
        "leaf": false,
        "feature_idx": 14,
        "threshold": 0.13828960919220065,
        "left": {
          "leaf": false,
          "feature_idx": 2,
          "threshold": 0.42857142857142855,
          "left": {
            "leaf": false,
            "feature_idx": 14,
            "threshold": 0.03875612540953055,
            "left": {
              "leaf": true,
              "probability": 0.02586206896551724,
              "count": 7772
            },
            "right": {
              "leaf": true,
              "probability": 0.09675690163495042,
              "count": 3731
            }
          },
          "right": {
            "leaf": false,
            "feature_idx": 14,
            "threshold": 0.11369266981658399,
            "left": {
              "leaf": true,
              "probability": 0.19667170953101362,
              "count": 661
            },
            "right": {
              "leaf": true,
              "probability": 0.5303030303030303,
              "count": 66
            }
          }
        },
        "right": {
          "leaf": false,
          "feature_idx": 4,
          "threshold": 0.76,
          "left": {
            "leaf": false,
            "feature_idx": 14,
            "threshold": 0.19126169710807853,
            "left": {
              "leaf": true,
              "probability": 0.4152334152334152,
              "count": 407
            },
            "right": {
              "leaf": true,
              "probability": 0.6307420494699647,
              "count": 566
            }
          },
          "right": {
            "leaf": false,
            "feature_idx": 12,
            "threshold": 0.5238095238095238,
            "left": {
              "leaf": true,
              "probability": 0.16361556064073227,
              "count": 874
            },
            "right": {
              "leaf": true,
              "probability": 0.3898305084745763,
              "count": 531
            }
          }
        }
      },
      "right": {
        "leaf": false,
        "feature_idx": 13,
        "threshold": 0.6597550209350371,
        "left": {
          "leaf": false,
          "feature_idx": 14,
          "threshold": 0.17978063219734713,
          "left": {
            "leaf": false,
            "feature_idx": 14,
            "threshold": 0.10325338313761068,
            "left": {
              "leaf": true,
              "probability": 0.18434782608695652,
              "count": 575
            },
            "right": {
              "leaf": true,
              "probability": 0.39067055393586003,
              "count": 343
            }
          },
          "right": {
            "leaf": false,
            "feature_idx": 4,
            "threshold": 0.8333333333333334,
            "left": {
              "leaf": true,
              "probability": 0.8022369089984749,
              "count": 1967
            },
            "right": {
              "leaf": true,
              "probability": 0.6372735938989513,
              "count": 2098
            }
          }
        },
        "right": {
          "leaf": false,
          "feature_idx": 13,
          "threshold": 0.8845971247232972,
          "left": {
            "leaf": false,
            "feature_idx": 14,
            "threshold": 0.2659763833065867,
            "left": {
              "leaf": true,
              "probability": 0.5128205128205128,
              "count": 741
            },
            "right": {
              "leaf": true,
              "probability": 0.91683038637852,
              "count": 7635
            }
          },
          "right": {
            "leaf": false,
            "feature_idx": 4,
            "threshold": 0.96,
            "left": {
              "leaf": true,
              "probability": 0.9226774379688402,
              "count": 1733
            },
            "right": {
              "leaf": true,
              "probability": 0.9884345844619287,
              "count": 23259
            }
          }
        }
      }
    },
    "training_metadata": {
      "hard_negative_mining": true,
      "base": {
        "training_queries": 52959,
        "positive_queries": 42480,
        "rough_hard_negative_rows": 41255,
        "rough_hard_negatives": 160112,
        "forced_positive_candidates": 4903,
        "negative_queries": 10479,
        "pair_rows": 41255,
        "calibration_rows": 144568
      },
      "mined": {
        "mined_queries_with_candidates": 52959,
        "mined_positive_negative_calibration_rows": 71157,
        "mined_pair_rows": 35636,
        "mined_positive_hard_negatives": 87801,
        "first_pass_positive_rank_errors": 5831,
        "mined_no_match_calibration_rows": 16255,
        "pair_rows": 35636,
        "calibration_rows": 87412
      },
      "final_pair_rows": 76891,
      "final_calibration_rows": 231980,
      "accept_rows": 52959
    }
  },
  "accept_threshold": 0.42,
  "review_threshold": 0.98,
  "metadata": {
    "train_dataset_dir": "/Users/brandont/Documents/Ady Resolver/datasets/fresh_60k_active_v2/train_dataset",
    "eval_dataset_dir": "/Users/brandont/Documents/Ady Resolver/datasets/fresh_60k_active_v2/eval_dataset",
    "query_count": 75000,
    "reference_count": 5000,
    "train_query_count": 52959,
    "calibration_query_count": 11030,
    "active_learning_feedback": [],
    "stage2_training": {
      "hard_negative_mining": true,
      "base": {
        "training_queries": 52959,
        "positive_queries": 42480,
        "rough_hard_negative_rows": 41255,
        "rough_hard_negatives": 160112,
        "forced_positive_candidates": 4903,
        "negative_queries": 10479,
        "pair_rows": 41255,
        "calibration_rows": 144568
      },
      "mined": {
        "mined_queries_with_candidates": 52959,
        "mined_positive_negative_calibration_rows": 71157,
        "mined_pair_rows": 35636,
        "mined_positive_hard_negatives": 87801,
        "first_pass_positive_rank_errors": 5831,
        "mined_no_match_calibration_rows": 16255,
        "pair_rows": 35636,
        "calibration_rows": 87412
      },
      "final_pair_rows": 76891,
      "final_calibration_rows": 231980,
      "accept_rows": 52959
    }
  }
}