{
  "model": {
    "weights": [
      -15.946073059638833,
      13.186042568002046,
      4.9376011188453965,
      0.4649482065921876,
      -1.5209967023551758,
      1.4992482012501314,
      0.7314203284082176,
      0.45114963996271346,
      0.15536864819160745,
      0.9524973402600102,
      1.3648171052413287,
      0.46247482231138143,
      0.0,
      -0.46748231406062996,
      -1.343032440368847,
      -0.6547679107409752,
      2.6324266415444852,
      -1.1727067284424817,
      1.103510191627113,
      0.7995402061387954,
      0.0005242126409074736,
      2.7237564386861766,
      0.02365514269255247
    ],
    "accept_tree": {
      "leaf": false,
      "feature_idx": 13,
      "threshold": 0.8521242551105279,
      "left": {
        "leaf": false,
        "feature_idx": 14,
        "threshold": 0.5210505774478286,
        "left": {
          "leaf": false,
          "feature_idx": 14,
          "threshold": 0.32705255896744323,
          "left": {
            "leaf": false,
            "feature_idx": 0,
            "threshold": 0.8761904761904762,
            "left": {
              "leaf": true,
              "probability": 0.024423963133640553,
              "count": 13020
            },
            "right": {
              "leaf": true,
              "probability": 0.2886178861788618,
              "count": 246
            }
          },
          "right": {
            "leaf": false,
            "feature_idx": 3,
            "threshold": 0.5555555555555556,
            "left": {
              "leaf": true,
              "probability": 0.13807531380753138,
              "count": 478
            },
            "right": {
              "leaf": true,
              "probability": 0.4167852062588905,
              "count": 703
            }
          }
        },
        "right": {
          "leaf": false,
          "feature_idx": 4,
          "threshold": 0.64,
          "left": {
            "leaf": false,
            "feature_idx": 0,
            "threshold": 0.9538461538461539,
            "left": {
              "leaf": true,
              "probability": 0.41909814323607425,
              "count": 377
            },
            "right": {
              "leaf": true,
              "probability": 0.825,
              "count": 40
            }
          },
          "right": {
            "leaf": false,
            "feature_idx": 3,
            "threshold": 0.7,
            "left": {
              "leaf": true,
              "probability": 0.5390946502057613,
              "count": 243
            },
            "right": {
              "leaf": true,
              "probability": 0.8651162790697674,
              "count": 645
            }
          }
        }
      },
      "right": {
        "leaf": false,
        "feature_idx": 4,
        "threshold": 0.96,
        "left": {
          "leaf": false,
          "feature_idx": 14,
          "threshold": 0.3686701241876529,
          "left": {
            "leaf": false,
            "feature_idx": 13,
            "threshold": 0.9177481493173804,
            "left": {
              "leaf": true,
              "probability": 0.23880597014925373,
              "count": 67
            },
            "right": {
              "leaf": true,
              "probability": 0.5555555555555556,
              "count": 72
            }
          },
          "right": {
            "leaf": false,
            "feature_idx": 13,
            "threshold": 0.8894644269255607,
            "left": {
              "leaf": true,
              "probability": 0.5777777777777777,
              "count": 90
            },
            "right": {
              "leaf": true,
              "probability": 0.7365591397849462,
              "count": 186
            }
          }
        },
        "right": {
          "leaf": false,
          "feature_idx": 0,
          "threshold": 0.5507246376811594,
          "left": {
            "leaf": false,
            "feature_idx": 14,
            "threshold": 0.36145004194107455,
            "left": {
              "leaf": true,
              "probability": 0.3877551020408163,
              "count": 49
            },
            "right": {
              "leaf": true,
              "probability": 0.8131868131868132,
              "count": 91
            }
          },
          "right": {
            "leaf": false,
            "feature_idx": 13,
            "threshold": 0.9368291792969076,
            "left": {
              "leaf": true,
              "probability": 0.9116104868913858,
              "count": 1335
            },
            "right": {
              "leaf": true,
              "probability": 0.9942018408141751,
              "count": 24663
            }
          }
        }
      }
    }
  },
  "accept_threshold": 0.42,
  "review_threshold": 0.92,
  "metadata": {
    "train_dataset_dir": "/Users/brandont/Documents/Ady Resolver/datasets/fresh_60k_compound/train_dataset",
    "eval_dataset_dir": "/Users/brandont/Documents/Ady Resolver/datasets/fresh_60k_compound/eval_dataset",
    "query_count": 60000,
    "reference_count": 5000,
    "train_query_count": 42305,
    "calibration_query_count": 8845
  }
}