{
  "model": {
    "weights": [
      -16.448925104173334,
      14.247047792886661,
      3.3755328570181025,
      0.0037560722007431826,
      -0.7423857120460953,
      1.2220473504241305,
      0.5800943060322701,
      0.18952681635141494,
      0.1886512119167972,
      0.554901525067687,
      1.0909889795238876,
      0.36814150324749795,
      0.0,
      -0.04461111963424544,
      -1.0334617131722246,
      -1.163948664081642,
      2.838542831058772,
      -0.7313946735555009,
      0.5082682310353286,
      0.28224158438160385,
      0.0801747372414706,
      2.6533151731338247,
      0.81747199058784
    ],
    "accept_tree": {
      "leaf": false,
      "feature_idx": 13,
      "threshold": 0.7188798014821003,
      "left": {
        "leaf": false,
        "feature_idx": 14,
        "threshold": 0.3812013512311523,
        "left": {
          "leaf": false,
          "feature_idx": 14,
          "threshold": 0.14081672274960655,
          "left": {
            "leaf": false,
            "feature_idx": 0,
            "threshold": 0.868421052631579,
            "left": {
              "leaf": true,
              "probability": 0.013567710555508148,
              "count": 11719
            },
            "right": {
              "leaf": true,
              "probability": 0.1688888888888889,
              "count": 225
            }
          },
          "right": {
            "leaf": false,
            "feature_idx": 0,
            "threshold": 0.64,
            "left": {
              "leaf": true,
              "probability": 0.07440212577502214,
              "count": 1129
            },
            "right": {
              "leaf": true,
              "probability": 0.28003314001657,
              "count": 1207
            }
          }
        },
        "right": {
          "leaf": false,
          "feature_idx": 14,
          "threshold": 0.5042573035407321,
          "left": {
            "leaf": false,
            "feature_idx": 3,
            "threshold": 0.5714285714285714,
            "left": {
              "leaf": true,
              "probability": 0.33,
              "count": 200
            },
            "right": {
              "leaf": true,
              "probability": 0.5616438356164384,
              "count": 438
            }
          },
          "right": {
            "leaf": false,
            "feature_idx": 1,
            "threshold": 0.6451612903225806,
            "left": {
              "leaf": true,
              "probability": 0.8557692307692307,
              "count": 416
            },
            "right": {
              "leaf": true,
              "probability": 0.6075949367088608,
              "count": 237
            }
          }
        }
      },
      "right": {
        "leaf": false,
        "feature_idx": 13,
        "threshold": 0.8593128536513301,
        "left": {
          "leaf": false,
          "feature_idx": 14,
          "threshold": 0.44294790514611143,
          "left": {
            "leaf": false,
            "feature_idx": 14,
            "threshold": 0.35367567533729294,
            "left": {
              "leaf": true,
              "probability": 0.2640449438202247,
              "count": 178
            },
            "right": {
              "leaf": true,
              "probability": 0.5272727272727272,
              "count": 55
            }
          },
          "right": {
            "leaf": false,
            "feature_idx": 14,
            "threshold": 0.6681282983918273,
            "left": {
              "leaf": true,
              "probability": 0.7316176470588235,
              "count": 272
            },
            "right": {
              "leaf": true,
              "probability": 0.9340659340659341,
              "count": 819
            }
          }
        },
        "right": {
          "leaf": false,
          "feature_idx": 4,
          "threshold": 0.96,
          "left": {
            "leaf": true,
            "probability": 0.7272727272727273,
            "count": 77
          },
          "right": {
            "leaf": false,
            "feature_idx": 14,
            "threshold": 0.44142371119650015,
            "left": {
              "leaf": true,
              "probability": 0.9525919361984936,
              "count": 2257
            },
            "right": {
              "leaf": true,
              "probability": 0.9974432310625758,
              "count": 23076
            }
          }
        }
      }
    },
    "training_metadata": {
      "hard_negative_mining": true,
      "base": {
        "training_queries": 42305,
        "positive_queries": 28320,
        "rough_hard_negative_rows": 27905,
        "rough_hard_negatives": 110555,
        "forced_positive_candidates": 495,
        "negative_queries": 13985,
        "pair_rows": 27905,
        "calibration_rows": 111719
      },
      "mined": {
        "mined_queries_with_candidates": 42305,
        "mined_positive_negative_calibration_rows": 8167,
        "mined_pair_rows": 5359,
        "mined_positive_hard_negatives": 9899,
        "first_pass_positive_rank_errors": 590,
        "mined_no_match_calibration_rows": 3618,
        "pair_rows": 5359,
        "calibration_rows": 11785
      },
      "final_pair_rows": 33264,
      "final_calibration_rows": 123504,
      "accept_rows": 42305
    }
  },
  "accept_threshold": 0.34,
  "review_threshold": 0.86,
  "metadata": {
    "train_dataset_dir": "/Users/brandont/Documents/Ady Resolver/datasets/fresh_60k_compound/train_dataset",
    "eval_dataset_dir": "/Users/brandont/Documents/Ady Resolver/datasets/fresh_60k_compound/eval_dataset",
    "query_count": 60000,
    "reference_count": 5000,
    "train_query_count": 42305,
    "calibration_query_count": 8845,
    "stage2_training": {
      "hard_negative_mining": true,
      "base": {
        "training_queries": 42305,
        "positive_queries": 28320,
        "rough_hard_negative_rows": 27905,
        "rough_hard_negatives": 110555,
        "forced_positive_candidates": 495,
        "negative_queries": 13985,
        "pair_rows": 27905,
        "calibration_rows": 111719
      },
      "mined": {
        "mined_queries_with_candidates": 42305,
        "mined_positive_negative_calibration_rows": 8167,
        "mined_pair_rows": 5359,
        "mined_positive_hard_negatives": 9899,
        "first_pass_positive_rank_errors": 590,
        "mined_no_match_calibration_rows": 3618,
        "pair_rows": 5359,
        "calibration_rows": 11785
      },
      "final_pair_rows": 33264,
      "final_calibration_rows": 123504,
      "accept_rows": 42305
    }
  }
}